sensor,image,method,active_fg_pct,interior_active_pct,components_per_10k_active,small_component_pct,largest_component_px
A,A/roll/png/00002329_A_roll_04.png,Sauvola,44.69102981499676,31.089430427036035,80.89545376171044,42.09591474245116,12034.0
A,A/roll/png/00002329_A_roll_04.png,Canny,18.167048745561143,0.0,135.37874235622635,52.21932114882507,1849.0
A,A/roll/png/00002340_A_roll_09.png,Sauvola,45.42449433789356,28.52691116074645,55.47950140500036,54.87012987012987,10725.0
A,A/roll/png/00002340_A_roll_09.png,Canny,12.036885514171631,0.0,198.490925158045,55.821917808219176,472.0
A,A/roll/png/00002341_A_roll_08.png,Sauvola,43.58355167294892,30.59017422696594,79.57934390205618,52.662721893491124,7483.0
A,A/roll/png/00002341_A_roll_08.png,Canny,10.732047694949342,0.0,202.7027027027027,60.062893081761004,657.0
A,A/roll/png/00002342_A_roll_09.png,Sauvola,47.176287051482056,34.189231248054774,36.57018362900716,51.41843971631206,10979.0
A,A/roll/png/00002342_A_roll_09.png,Canny,14.008136796060077,0.0,166.39734463030092,53.018372703412076,1867.0
A,A/roll/png/00002353_A_roll_08.png,Sauvola,45.54005074302283,23.14656373114728,132.11826972820248,49.096385542168676,2032.0
A,A/roll/png/00002353_A_roll_08.png,Canny,13.529358463211308,0.0,394.4812805572299,73.6842105263158,135.0
A,A/roll/png/00002380_A_roll_09.png,Sauvola,45.54568170514672,35.57651826123566,41.83770129460057,36.79245283018868,7908.0
A,A/roll/png/00002380_A_roll_09.png,Canny,4.410874684659312,0.0,153.51175112077163,42.47787610619469,392.0
A,A/roll/png/00002392_A_roll_06.png,Sauvola,45.4474318910058,37.95373064391339,41.08230627567644,40.318302387267906,5087.0
A,A/roll/png/00002392_A_roll_06.png,Canny,11.124262699399264,0.0,132.22331047992165,37.37373737373738,815.0
A,A/roll/png/00002398_A_roll_05.png,Sauvola,45.76470484998991,33.93093398270474,51.00377734742009,53.7593984962406,5636.0
A,A/roll/png/00002398_A_roll_05.png,Canny,8.863714142805746,0.0,146.5201465201465,46.62162162162162,651.0
A,A/roll/png/00002401_A_roll_01.png,Sauvola,45.941025063162016,36.8756696745543,38.98635477582846,43.04635761589404,4708.0
A,A/roll/png/00002401_A_roll_01.png,Canny,11.05839372768572,0.0,108.87053523543923,37.4384236453202,546.0
A,A/roll/png/00002425_A_roll_08.png,Sauvola,45.31106108666735,30.913735674363462,54.05634279907412,42.03655352480418,17342.0
A,A/roll/png/00002425_A_roll_08.png,Canny,14.619359459736007,0.0,145.66929133858267,51.651651651651655,950.0
A,A/roll/png/00002446_A_roll_04.png,Sauvola,46.0942770027792,28.79617163261722,48.586313879295204,50.0,7166.0
A,A/roll/png/00002446_A_roll_04.png,Canny,19.252043927578857,0.0,120.88297126839522,46.666666666666664,1436.0
A,A/roll/png/00002455_A_roll_08.png,Sauvola,44.96431221646763,35.51959983666803,66.18347624880903,45.501285347043705,4112.0
A,A/roll/png/00002455_A_roll_08.png,Canny,12.168271915665139,0.0,211.24104111655978,51.48809523809524,414.0
A,A/roll/png/00002497_A_roll_01.png,Sauvola,45.925839410127764,40.08337111202026,36.267539446477734,54.26829268292683,49098.0
A,A/roll/png/00002497_A_roll_01.png,Canny,11.08498710162296,0.0,192.4045993861377,44.285714285714285,514.0
A,A/roll/png/00002541_A_roll_03.png,Sauvola,47.236209050022126,31.010481881995826,37.11345095807247,46.96485623003195,10205.0
A,A/roll/png/00002541_A_roll_03.png,Canny,17.46545611372178,0.0,160.34377705801236,45.8,1205.0
A,A/roll/png/00002550_A_roll_08.png,Sauvola,41.87995469988675,31.41037197283817,85.33141037197284,46.30281690140845,4894.0
A,A/roll/png/00002550_A_roll_08.png,Canny,10.802189505473764,0.0,152.0181722872619,55.93869731800766,937.0
A,A/roll/png/00002596_A_roll_09.png,Sauvola,46.318616798715055,32.22455342832998,40.796106885800036,40.0,8718.0
A,A/roll/png/00002596_A_roll_09.png,Canny,15.293768305686404,0.0,90.90106786691378,42.23300970873787,1223.0
A,A/roll/png/00002596_A_roll_10.png,Sauvola,46.98974082073434,32.44597657122794,39.73953844680648,55.02008032128514,11865.0
A,A/roll/png/00002596_A_roll_10.png,Canny,15.688744900407967,0.0,104.20650095602294,37.15596330275229,2092.0
A,A/roll/png/00002646_A_roll_07.png,Sauvola,44.01640624061685,35.949629589205564,54.29963027136172,48.994974874371856,12937.0
A,A/roll/png/00002646_A_roll_07.png,Canny,9.382544048233868,0.0,139.5289298515105,48.62385321100918,978.0
A,A/roll/png/00002646_A_roll_08.png,Sauvola,43.98540502715731,36.21797704574437,57.32250855418492,41.18942731277533,2940.0
A,A/roll/png/00002646_A_roll_08.png,Canny,10.700203263320413,0.0,125.08434110136503,53.11203319502075,1373.0
A,A/roll/png/00002650_A_roll_03.png,Sauvola,48.266607292224556,34.68357271095152,37.40275284260922,45.666666666666664,18028.0
A,A/roll/png/00002650_A_roll_03.png,Canny,17.53491758787317,0.0,155.11856961460586,51.32743362831859,1950.0
B,B/roll/png/00002312_B_roll_07.png,Sauvola,51.416482283000825,44.28443086874495,35.66615757793549,28.463476070528966,8955.0
B,B/roll/png/00002312_B_roll_07.png,Canny,19.988267193873074,0.0,137.9645036051026,45.22613065326633,1112.0
B,B/roll/png/00002368_B_roll_05.png,Sauvola,50.984832615255705,41.56284007373354,41.419592688831145,27.613941018766756,6869.0
B,B/roll/png/00002368_B_roll_05.png,Canny,20.05559675930906,0.0,131.8315266485998,41.32762312633833,695.0
B,B/roll/png/00002373_B_roll_04.png,Sauvola,49.72684026379038,37.65781018177184,38.86658838735516,21.07728337236534,2651.0
B,B/roll/png/00002373_B_roll_04.png,Canny,23.587241380871124,0.0,115.52041756217379,41.52823920265781,1029.0
B,B/roll/png/00002374_B_roll_03.png,Sauvola,51.34922997807671,48.42926417878979,23.894862604540023,31.985294117647058,9508.0
B,B/roll/png/00002374_B_roll_03.png,Canny,18.17423155691486,0.0,112.93405147807093,36.7032967032967,1597.0
B,B/roll/png/00002396_B_roll_07.png,Sauvola,48.317997091324266,40.463397938995,55.041398257803785,34.24190800681431,4531.0
B,B/roll/png/00002396_B_roll_07.png,Canny,19.03914026431798,0.0,184.89874592485066,48.262548262548265,561.0
B,B/roll/png/00002401_B_roll_05.png,Sauvola,50.25173064820642,34.56972018613332,39.16657458224367,40.75235109717868,9248.0
B,B/roll/png/00002401_B_roll_05.png,Canny,20.337738619676944,0.0,132.2695143039165,43.57798165137615,908.0
B,B/roll/png/00002426_B_roll_01.png,Sauvola,52.02811785281851,35.14586777241118,31.399203937829576,25.88235294117647,11826.0
B,B/roll/png/00002426_B_roll_01.png,Canny,29.93936307201476,0.0,129.03018728635394,51.243781094527364,2799.0
B,B/roll/png/00002434_B_roll_01.png,Sauvola,52.02999901795083,33.06147182706827,38.34538663275848,29.015544041450777,6048.0
B,B/roll/png/00002434_B_roll_01.png,Canny,27.268404376838113,0.0,102.7351820611483,45.38745387453874,1369.0
B,B/roll/png/00002457_B_roll_09.png,Sauvola,49.06223303454885,39.355477381604764,45.87318142445509,21.001926782273603,9810.0
B,B/roll/png/00002457_B_roll_09.png,Canny,20.372418159504946,0.0,153.4728282849784,44.10540915395284,779.0
B,B/roll/png/00002458_B_roll_03.png,Sauvola,50.00486512165666,34.335260115606935,61.80964917300979,30.555555555555557,6594.0
B,B/roll/png/00002458_B_roll_03.png,Canny,23.97875372754174,0.0,161.3596219028978,49.260355029585796,1188.0
B,B/roll/png/00002458_B_roll_08.png,Sauvola,49.75363371733855,35.65241576605213,64.86411315956771,27.258805513016846,2941.0
B,B/roll/png/00002458_B_roll_08.png,Canny,23.86762939789761,0.0,185.53029361825486,51.339285714285715,1215.0
B,B/roll/png/00002481_B_roll_06.png,Sauvola,52.76786248888848,34.151770127784374,37.968717268347184,22.298850574712645,5888.0
B,B/roll/png/00002481_B_roll_06.png,Canny,31.84964788570218,0.0,93.85258347673931,42.835130970724194,1498.0
B,B/roll/png/00002481_B_roll_08.png,Sauvola,52.06789897702218,34.20564123661686,51.17450506226232,25.294117647058822,4115.0
B,B/roll/png/00002481_B_roll_08.png,Canny,25.521676889478687,0.0,140.22804970419045,49.197080291970806,1257.0
B,B/roll/png/00002493_B_roll_03.png,Sauvola,49.92064997617186,30.8905036424639,46.99056481361336,24.85207100591716,6920.0
B,B/roll/png/00002493_B_roll_03.png,Canny,27.500451115295817,0.0,119.28596665376786,45.839210155148095,1194.0
B,B/roll/png/00002531_B_roll_06.png,Sauvola,51.96066938249172,38.065559284431785,34.87596002895363,30.997304582210244,10812.0
B,B/roll/png/00002531_B_roll_06.png,Canny,22.42069888533943,0.0,119.38737718132504,39.96350364963504,1220.0
B,B/roll/png/00002537_B_roll_04.png,Sauvola,51.57522527660545,40.93064401981599,27.423920736022644,26.774193548387096,6465.0
B,B/roll/png/00002537_B_roll_04.png,Canny,22.525379263145886,0.0,113.6317601782459,44.20677361853832,970.0
B,B/roll/png/00002551_B_roll_03.png,Sauvola,49.62974102378316,36.26547177434165,45.818488999889816,22.84569138276553,6694.0
B,B/roll/png/00002551_B_roll_03.png,Canny,25.16439498544028,0.0,127.30664058963076,49.502133712660026,1001.0
B,B/roll/png/00002554_B_roll_02.png,Sauvola,50.717747208760855,34.65834467967178,44.70256527658959,41.509433962264154,4117.0
B,B/roll/png/00002554_B_roll_02.png,Canny,25.747844313938778,0.0,153.08665416656777,51.78294573643411,844.0
B,B/roll/png/00002556_B_roll_10.png,Sauvola,50.21242455737286,36.66206696201613,41.66969278814729,21.78649237472767,5694.0
B,B/roll/png/00002556_B_roll_10.png,Canny,25.68468172784129,0.0,119.79767503771409,43.25925925925926,2666.0
B,B/roll/png/00002602_B_roll_08.png,Sauvola,51.07108479686166,37.06937171611205,39.47333327406406,22.972972972972972,4358.0
B,B/roll/png/00002602_B_roll_08.png,Canny,25.99980022157244,0.0,122.76688262927195,45.37695590327169,1557.0
C,C/roll/png/00002328_C_roll_07.png,Sauvola,54.13239455155623,25.658947709637552,71.31424866792277,57.95454545454545,21982.0
C,C/roll/png/00002328_C_roll_07.png,Canny,35.49494417757891,0.0,139.96601266800556,68.87417218543047,6728.0
C,C/roll/png/00002328_C_roll_09.png,Sauvola,53.60829414764036,23.61768684477511,61.50659452147446,65.97938144329896,27863.0
C,C/roll/png/00002328_C_roll_09.png,Canny,36.4670556908957,0.0,149.14243102162567,77.91666666666667,11822.0
C,C/roll/png/00002344_C_roll_07.png,Sauvola,50.66113283848139,22.203550047263942,91.63953366243042,48.42406876790831,5297.0
C,C/roll/png/00002344_C_roll_07.png,Canny,31.308697155931572,0.0,254.9286199864038,61.666666666666664,668.0
C,C/roll/png/00002369_C_roll_10.png,Sauvola,51.578091016254085,24.515547543938712,75.32350479624027,64.95726495726495,18964.0
C,C/roll/png/00002369_C_roll_10.png,Canny,32.372034334478926,0.0,174.8897322802339,70.96774193548387,3622.0
C,C/roll/png/00002379_C_roll_05.png,Sauvola,51.45999089179994,22.887113147140738,121.81472708815951,67.09401709401709,20499.0
C,C/roll/png/00002379_C_roll_05.png,Canny,32.86720780090546,0.0,196.83755807319258,79.08902691511388,7531.0
C,C/roll/png/00002381_C_roll_09.png,Sauvola,47.60209997423345,19.621773402347845,201.6306370310227,71.30872483221476,1852.0
C,C/roll/png/00002381_C_roll_09.png,Canny,30.71695439319763,0.0,294.6419209394988,79.1814946619217,2768.0
C,C/roll/png/00002405_C_roll_05.png,Sauvola,50.997642045794585,23.784824089938272,170.8639425446523,66.8956043956044,6315.0
C,C/roll/png/00002405_C_roll_05.png,Canny,31.160903443570685,0.0,262.34923561496504,70.5710102489019,2919.0
C,C/roll/png/00002423_C_roll_09.png,Sauvola,48.99726941747573,14.836372643115887,151.70748320381435,60.816326530612244,2193.0
C,C/roll/png/00002423_C_roll_09.png,Canny,36.509405339805824,0.0,248.88851954959074,67.2787979966611,1976.0
C,C/roll/png/00002424_C_roll_08.png,Sauvola,49.19602550379299,24.738074403424545,160.11162878698295,66.76514032496307,7131.0
C,C/roll/png/00002424_C_roll_08.png,Canny,27.706287522688136,0.0,257.42241632721624,73.4094616639478,1428.0
C,C/roll/png/00002433_C_roll_07.png,Sauvola,52.2271471447596,23.808798903942762,95.14385751255898,61.0,8619.0
C,C/roll/png/00002433_C_roll_07.png,Canny,34.19431138319652,0.0,151.13203708547678,67.11538461538461,3719.0
C,C/roll/png/00002434_C_roll_08.png,Sauvola,47.14137149014547,21.69359982989581,179.93833723155433,63.66322008862629,4084.0
C,C/roll/png/00002434_C_roll_08.png,Canny,29.819197854932277,0.0,304.2144627925543,72.79005524861878,659.0
C,C/roll/png/00002500_C_roll_01.png,Sauvola,47.787169972376674,19.60404882405478,158.77741391287088,62.8125,3628.0
C,C/roll/png/00002500_C_roll_01.png,Canny,28.97604002418523,0.0,289.2680332228632,74.68175388967468,2799.0
C,C/roll/png/00002558_C_roll_04.png,Sauvola,40.555997759500016,21.6071817983572,337.28283782801486,73.49137931034483,845.0
C,C/roll/png/00002558_C_roll_04.png,Canny,18.32493145838861,0.0,493.88674388674383,85.50488599348535,296.0
C,C/roll/png/00002564_C_roll_08.png,Sauvola,52.09176325354914,26.640774142584426,104.66723717990916,69.81132075471699,3291.0
C,C/roll/png/00002564_C_roll_08.png,Canny,31.349015842534804,0.0,230.8028877707285,69.66824644549763,1344.0
C,C/roll/png/00002571_C_roll_02.png,Sauvola,53.78838785735338,28.389514750361634,64.21777056941218,55.972696245733786,12050.0
C,C/roll/png/00002571_C_roll_02.png,Canny,33.67403477748305,0.0,120.78140316482286,66.66666666666667,5608.0
C,C/roll/png/00002591_C_roll_05.png,Sauvola,46.639739974188615,19.35946707660774,196.771714066103,74.21875,3152.0
C,C/roll/png/00002591_C_roll_05.png,Canny,29.111897136848143,0.0,346.441178885149,81.27962085308057,1163.0
C,C/roll/png/00002615_C_roll_04.png,Sauvola,59.59431270530127,32.94306980486824,17.903842285254477,67.41573033707866,46564.0
C,C/roll/png/00002615_C_roll_04.png,Canny,35.03488623012923,0.0,114.63180947166713,67.76119402985074,8525.0
C,C/roll/png/00002625_C_roll_05.png,Sauvola,55.864627790765006,28.418688574938574,35.127457002457,68.85245901639344,38862.0
C,C/roll/png/00002625_C_roll_05.png,Canny,34.822098783966375,0.0,133.03359714224123,74.07407407407408,14438.0
C,C/roll/png/00002650_C_roll_03.png,Sauvola,54.858434891426455,30.588174300749152,55.2142468310133,60.563380281690144,13320.0
C,C/roll/png/00002650_C_roll_03.png,Canny,35.08340325080702,0.0,143.48830610838638,75.14124293785311,6084.0
C,C/roll/png/00002651_C_roll_04.png,Sauvola,46.527472527472526,20.752637379940168,161.12948092163964,69.38110749185668,5762.0
C,C/roll/png/00002651_C_roll_04.png,Canny,23.931623931623932,0.0,280.6122448979592,71.81818181818181,1400.0
D,D/roll/png/00002303_D_roll_07.png,Sauvola,67.47525930488095,43.170832901151336,86.81672025723472,56.98924731182796,21666.0
D,D/roll/png/00002303_D_roll_07.png,Canny,38.25884296132473,0.0,635.8730449099058,86.88147295742232,472.0
D,D/roll/png/00002327_D_roll_08.png,Sauvola,68.20590413846807,43.7142644984035,44.55335263978614,62.291666666666664,60519.0
D,D/roll/png/00002327_D_roll_08.png,Canny,37.240514823654536,0.0,543.8256493948048,84.52641450453267,349.0
D,D/roll/png/00002339_D_roll_06.png,Sauvola,67.03987788108545,42.60215842907011,55.79548555245058,51.09612141652614,34203.0
D,D/roll/png/00002339_D_roll_06.png,Canny,38.24037745846317,0.0,469.78094484032727,80.40730337078652,401.0
D,D/roll/png/00002358_D_roll_10.png,Sauvola,63.53840628046591,35.80614552208673,75.91052249051118,64.62765957446808,29543.0
D,D/roll/png/00002358_D_roll_10.png,Canny,41.41374621581405,0.0,502.5631494989856,84.09861325115563,1179.0
D,D/roll/png/00002364_D_roll_03.png,Sauvola,66.37141338344192,40.687484284343945,48.05498384197733,49.224806201550386,21808.0
D,D/roll/png/00002364_D_roll_03.png,Canny,39.08469421814541,0.0,492.15587044534414,82.26221079691517,422.0
D,D/roll/png/00002371_D_roll_01.png,Sauvola,66.76913969742427,40.33670169358332,69.41575909003899,46.44412191582003,5892.0
D,D/roll/png/00002371_D_roll_01.png,Canny,39.59315740261138,0.0,538.5843895477251,82.93375394321767,320.0
D,D/roll/png/00002371_D_roll_08.png,Sauvola,64.81557497214567,36.20012666244458,26.2372206640731,58.62068965517241,68980.0
D,D/roll/png/00002371_D_roll_08.png,Canny,40.94704744033308,0.0,358.60054133787787,77.35623003194888,629.0
D,D/roll/png/00002374_D_roll_07.png,Sauvola,72.0448093104929,47.17838780266506,28.909961038267895,53.53846153846154,30919.0
D,D/roll/png/00002374_D_roll_07.png,Canny,35.471901255455364,0.0,426.19692863595304,79.1437049597287,450.0
D,D/roll/png/00002394_D_roll_10.png,Sauvola,63.92174031002972,37.379301031186394,59.71041893755969,55.088852988691436,61688.0
D,D/roll/png/00002394_D_roll_10.png,Canny,40.56962103367904,0.0,531.6513412873319,84.19096626643797,704.0
D,D/roll/png/00002396_D_roll_04.png,Sauvola,62.055170014575246,35.38309861877652,72.10585835935008,64.47721179624665,41960.0
D,D/roll/png/00002396_D_roll_04.png,Canny,40.89406853365803,0.0,504.994206427199,83.00900377577693,562.0
D,D/roll/png/00002423_D_roll_04.png,Sauvola,68.52752165409332,40.09622441490663,32.34662534996874,57.42296918767507,78649.0
D,D/roll/png/00002423_D_roll_04.png,Canny,39.38344043960138,0.0,405.6504122719891,79.44034201321415,490.0
D,D/roll/png/00002445_D_roll_04.png,Sauvola,66.04861565960468,38.55179380717152,51.2516334720433,45.20795660036166,13325.0
D,D/roll/png/00002445_D_roll_04.png,Canny,39.95213114352699,0.0,472.6737861400095,80.87520259319287,379.0
D,D/roll/png/00002466_D_roll_01.png,Sauvola,68.28435961706883,40.70938923532794,28.835522533280262,46.93251533742331,52563.0
D,D/roll/png/00002466_D_roll_01.png,Canny,38.81436293902697,0.0,409.87815694878856,77.75246772968869,355.0
D,D/roll/png/00002466_D_roll_05.png,Sauvola,66.91085158665152,41.833259292166446,75.42326867071425,64.00523560209425,18612.0
D,D/roll/png/00002466_D_roll_05.png,Canny,38.72896134436019,0.0,585.18531152462,84.8440687846109,347.0
D,D/roll/png/00002518_D_roll_09.png,Sauvola,65.5086632585793,41.27442231378282,50.980689995632936,62.56983240223464,37898.0
D,D/roll/png/00002518_D_roll_09.png,Canny,38.780675895866764,0.0,508.5235017720545,82.27688426363923,507.0
D,D/roll/png/00002521_D_roll_02.png,Sauvola,67.87057694303206,45.973760403627296,52.36452590037362,63.503649635036496,44275.0
D,D/roll/png/00002521_D_roll_02.png,Canny,36.525241257652795,0.0,495.39231875565974,82.90322580645162,385.0
D,D/roll/png/00002531_D_roll_07.png,Sauvola,46.42645964865432,41.585045193097784,29.90961380443714,53.2967032967033,85524.0
D,D/roll/png/00002531_D_roll_07.png,Canny,0.29412325710034903,0.0,168.61219195849546,15.384615384615385,100.0
D,D/roll/png/00002544_D_roll_09.png,Sauvola,46.584320068359375,40.38225323048199,30.134787664390178,35.59782608695652,14595.0
D,D/roll/png/00002544_D_roll_09.png,Canny,7.2483062744140625,0.0,155.78127466975423,35.810810810810814,385.0
D,D/roll/png/00002615_D_roll_07.png,Sauvola,41.90957956136435,40.562362322270566,38.868357334013,47.7751756440281,9540.0
D,D/roll/png/00002615_D_roll_07.png,Canny,0.15641034444609755,0.0,170.73170731707316,57.142857142857146,205.0
D,D/roll/png/00002616_D_roll_07.png,Sauvola,40.73963614673427,34.963584487742615,68.79528475428914,53.20600272851296,9665.0
D,D/roll/png/00002616_D_roll_07.png,Canny,0.13191401500378536,0.0,115.94202898550724,50.0,208.0
E,E/roll/png/00002326_E_roll_04.png,Sauvola,48.27002694354998,20.891052040434293,297.1307988155611,81.78694158075601,5910.0
E,E/roll/png/00002326_E_roll_04.png,Canny,28.54701978050864,0.0,383.28729281767954,79.42942942942943,725.0
E,E/roll/png/00002354_E_roll_02.png,Sauvola,54.49968176032006,32.04312735917916,83.00139725970261,60.552763819095475,16220.0
E,E/roll/png/00002354_E_roll_02.png,Canny,29.753136933988,0.0,158.91206356482544,65.86538461538461,8762.0
E,E/roll/png/00002367_E_roll_10.png,Sauvola,46.5037459864431,19.179133103183737,372.07518220176445,79.89690721649484,1392.0
E,E/roll/png/00002367_E_roll_10.png,Canny,33.2798192412891,0.0,550.2948007861354,88.63636363636364,455.0
E,E/roll/png/00002376_E_roll_09.png,Sauvola,47.87608519390116,27.69367397096181,218.30273239843862,75.59129612109744,4665.0
E,E/roll/png/00002376_E_roll_09.png,Canny,26.598374433919354,0.0,285.8736059479554,77.6332899869961,2196.0
E,E/roll/png/00002391_E_roll_07.png,Sauvola,46.0518432719575,16.00607111882047,617.5195143104944,86.79775280898876,491.0
E,E/roll/png/00002391_E_roll_07.png,Canny,23.137756120941006,0.0,844.9853271189365,96.73135852911133,110.0
E,E/roll/png/00002395_E_roll_06.png,Sauvola,51.99315949252979,17.7817440081591,142.78429372768994,69.82142857142857,13238.0
E,E/roll/png/00002395_E_roll_06.png,Canny,38.996195299139636,0.0,200.5711177590427,72.03389830508475,3143.0
E,E/roll/png/00002407_E_roll_06.png,Sauvola,58.25298270302871,30.376436857893758,57.07611032944862,64.4186046511628,55368.0
E,E/roll/png/00002407_E_roll_06.png,Canny,35.45917775595574,0.0,136.28731546697486,67.52,4703.0
E,E/roll/png/00002433_E_roll_01.png,Sauvola,54.15340832698427,20.627728467092876,164.07009703515195,70.49180327868852,5753.0
E,E/roll/png/00002433_E_roll_01.png,Canny,35.61488818177744,0.0,284.70758486173594,77.23756906077348,2435.0
E,E/roll/png/00002510_E_roll_06.png,Sauvola,51.80069386909693,20.4148444333375,214.66949893789828,76.0186263096624,11767.0
E,E/roll/png/00002510_E_roll_06.png,Canny,30.260977630488814,0.0,287.90212183436,78.90044576523032,3242.0
E,E/roll/png/00002533_E_roll_01.png,Sauvola,52.90681773783942,23.49259683196101,189.97156888084777,63.654033041788146,4924.0
E,E/roll/png/00002533_E_roll_01.png,Canny,34.9081851924204,0.0,404.60001678838245,78.4923928077455,693.0
E,E/roll/png/00002554_E_roll_07.png,Sauvola,44.227267208935295,20.872906944825694,534.7241284655504,84.39425051334702,802.0
E,E/roll/png/00002554_E_roll_07.png,Canny,19.094330460118975,0.0,531.5361139369278,87.5598086124402,140.0
E,E/roll/png/00002555_E_roll_07.png,Sauvola,50.80767669739665,22.438033505272287,86.95850641347513,68.24146981627297,21391.0
E,E/roll/png/00002555_E_roll_07.png,Canny,32.16443439438743,0.0,163.68028265493746,68.06167400881057,2338.0
E,E/roll/png/00002556_E_roll_06.png,Sauvola,54.041575307809076,22.430070612101588,124.44895252213944,78.36990595611286,26881.0
E,E/roll/png/00002556_E_roll_06.png,Canny,37.31341710237814,0.0,157.07545837217845,74.82014388489209,4119.0
E,E/roll/png/00002573_E_roll_08.png,Sauvola,51.486945936870384,24.96688066850097,89.26933659431366,69.40639269406392,18511.0
E,E/roll/png/00002573_E_roll_08.png,Canny,32.84398085963734,0.0,214.0643471037413,74.92537313432835,5125.0
E,E/roll/png/00002575_E_roll_10.png,Sauvola,49.93476357991049,21.795931867041507,189.846204729618,68.6411149825784,2605.0
E,E/roll/png/00002575_E_roll_10.png,Canny,31.199524352177576,0.0,347.2553067598327,76.21951219512195,759.0
E,E/roll/png/00002582_E_roll_03.png,Sauvola,48.50598039639017,15.970089464548003,523.4343704099346,84.6938775510204,556.0
E,E/roll/png/00002582_E_roll_03.png,Canny,27.283129668811263,0.0,705.8637334810477,91.70403587443946,250.0
E,E/roll/png/00002602_E_roll_10.png,Sauvola,45.349914425235916,19.47233571082335,460.4944255937955,81.57894736842105,1058.0
E,E/roll/png/00002602_E_roll_10.png,Canny,23.43335374566238,0.0,591.6644331278478,90.26047565118913,517.0
E,E/roll/png/00002604_E_roll_05.png,Sauvola,48.11374330683109,26.36371300902116,200.23606778517834,80.21052631578948,5902.0
E,E/roll/png/00002604_E_roll_05.png,Canny,28.3567256206393,0.0,293.2551319648094,73.17073170731707,1071.0
E,E/roll/png/00002621_E_roll_10.png,Sauvola,50.68844621513944,21.064545540289874,222.90690728456002,77.99717912552892,2995.0
E,E/roll/png/00002621_E_roll_10.png,Canny,26.302788844621514,0.0,373.82611329900027,77.14748784440843,398.0
E,E/roll/png/00002650_E_roll_05.png,Sauvola,53.24174659530497,29.33389733509169,84.10261514344721,59.171597633136095,7742.0
E,E/roll/png/00002650_E_roll_05.png,Canny,31.668962959037678,0.0,173.60384856724536,71.08433734939759,2785.0
F,F/roll/png/00002334_F_roll_06.png,Sauvola,50.6301595229002,36.27567598932343,23.06487176511547,37.735849056603776,5762.0
F,F/roll/png/00002334_F_roll_06.png,Canny,27.778430623696348,0.0,85.92882449368092,40.61538461538461,1936.0
F,F/roll/png/00002334_F_roll_10.png,Sauvola,48.60266985022791,39.32897895383241,46.707233108170975,48.20717131474104,8739.0
F,F/roll/png/00002334_F_roll_10.png,Canny,21.700672889081833,0.0,196.29907476869218,52.653927813163484,542.0
F,F/roll/png/00002364_F_roll_09.png,Sauvola,49.48465138688141,39.02672253420728,35.989359667576544,52.17391304347826,7610.0
F,F/roll/png/00002364_F_roll_09.png,Canny,22.106648771422673,0.0,172.79626386456508,48.42342342342342,1825.0
F,F/roll/png/00002369_F_roll_02.png,Sauvola,50.04990752429322,40.465436841950904,23.02255330380972,38.853503184713375,7802.0
F,F/roll/png/00002369_F_roll_02.png,Canny,25.320729237002027,0.0,113.04347826086956,43.07692307692308,1550.0
F,F/roll/png/00002369_F_roll_09.png,Sauvola,49.16554464003723,34.31155439100668,36.00709999154763,42.25352112676056,5135.0
F,F/roll/png/00002369_F_roll_09.png,Canny,25.441746039661563,0.0,182.28741302146287,48.2078853046595,475.0
F,F/roll/png/00002376_F_roll_06.png,Sauvola,50.28660367785198,39.68176054321594,29.451466437599706,41.2037037037037,9547.0
F,F/roll/png/00002376_F_roll_06.png,Canny,24.67602813927019,0.0,161.71607991330686,47.766323024054984,1175.0
F,F/roll/png/00002402_F_roll_08.png,Sauvola,49.34330334970476,39.41452776379802,34.94939327853268,33.6,8419.0
F,F/roll/png/00002402_F_roll_08.png,Canny,22.900226256829093,0.0,178.6252183866498,51.09612141652614,921.0
F,F/roll/png/00002407_F_roll_01.png,Sauvola,50.93839929932852,33.42339760647371,20.742075026268747,36.18421052631579,22585.0
F,F/roll/png/00002407_F_roll_01.png,Canny,29.38858072319306,0.0,57.7118664112207,42.622950819672134,3768.0
F,F/roll/png/00002428_F_roll_10.png,Sauvola,49.818220266610275,41.50395089139946,33.79481486318814,38.16425120772947,7438.0
F,F/roll/png/00002428_F_roll_10.png,Canny,22.10067425234443,0.0,170.02171272954772,44.37229437229437,695.0
F,F/roll/png/00002446_F_roll_07.png,Sauvola,49.36002648652076,38.202680138716445,34.53639879550741,40.49586776859504,10216.0
F,F/roll/png/00002446_F_roll_07.png,Canny,24.383096527870723,0.0,143.00572022880917,45.85858585858586,1122.0
F,F/roll/png/00002455_F_roll_06.png,Sauvola,49.51104734086619,34.05323351330838,31.22250780562695,50.27624309392265,12032.0
F,F/roll/png/00002455_F_roll_06.png,Canny,25.95847532176928,0.0,133.90800815950516,49.877149877149876,2213.0
F,F/roll/png/00002456_F_roll_02.png,Sauvola,50.18705883197737,35.046000200311916,28.186747936071885,34.51776649746193,8214.0
F,F/roll/png/00002456_F_roll_02.png,Canny,27.13968734965281,0.0,81.75684614366979,42.394822006472495,3188.0
F,F/roll/png/00002495_F_roll_07.png,Sauvola,49.77655723380352,43.04009094860735,37.28224161567526,43.946188340807176,8786.0
F,F/roll/png/00002495_F_roll_07.png,Canny,22.939291807098574,0.0,198.44005078904408,46.80073126142596,319.0
F,F/roll/png/00002516_F_roll_10.png,Sauvola,49.69980735839114,44.74900924702774,29.896405478690124,39.53488372093023,6310.0
F,F/roll/png/00002516_F_roll_10.png,Canny,19.990670271857912,0.0,203.5348515621624,47.346072186836516,304.0
F,F/roll/png/00002544_F_roll_10.png,Sauvola,50.98341149296564,42.8610653487095,24.2998352553542,48.0225988700565,7370.0
F,F/roll/png/00002544_F_roll_10.png,Canny,23.929446349828517,0.0,138.35263835263834,45.03171247357294,895.0
F,F/roll/png/00002555_F_roll_06.png,Sauvola,50.33860538273331,33.38974959857657,31.390588609700707,39.63133640552996,6730.0
F,F/roll/png/00002555_F_roll_06.png,Canny,28.493096819293953,0.0,83.56973089013263,41.896024464831804,1949.0
F,F/roll/png/00002557_F_roll_02.png,Sauvola,50.09727723513155,36.943360152951485,22.902891739026526,39.130434782608695,9849.0
F,F/roll/png/00002557_F_roll_02.png,Canny,25.105508385796526,0.0,110.47967253507133,41.007194244604314,1017.0
F,F/roll/png/00002574_F_roll_10.png,Sauvola,49.14535124722635,38.456958571074175,39.19622922351774,60.12658227848101,7901.0
F,F/roll/png/00002574_F_roll_10.png,Canny,19.910511813903586,0.0,249.83160859714653,52.94117647058823,314.0
F,F/roll/png/00002578_F_roll_10.png,Sauvola,49.430371033248434,42.15959335723984,39.86352400515266,47.59825327510917,5602.0
F,F/roll/png/00002578_F_roll_10.png,Canny,22.02020375851862,0.0,143.0190301277793,43.98907103825137,725.0
F,F/roll/png/00002621_F_roll_03.png,Sauvola,49.54467415125838,34.17863017198703,38.64518292585554,36.36363636363637,2677.0
F,F/roll/png/00002621_F_roll_03.png,Canny,27.482534634038277,0.0,108.82081989866421,39.15343915343915,893.0
G,G/roll/png/00002313_G_roll_07.png,Sauvola,54.26723206875774,34.00511166045167,38.75644194913479,35.13513513513514,8747.0
G,G/roll/png/00002313_G_roll_07.png,Canny,29.49034231079683,0.0,137.23978411719352,59.831460674157306,1281.0
G,G/roll/png/00002314_G_roll_04.png,Sauvola,56.39402347362799,39.083433428809016,21.482029012288645,40.86021505376344,10729.0
G,G/roll/png/00002314_G_roll_04.png,Canny,27.565229851368425,0.0,103.49227352204528,54.337899543378995,2704.0
G,G/roll/png/00002319_G_roll_04.png,Sauvola,52.18514643000168,30.946133280522822,49.757401722942866,39.80099502487562,6070.0
G,G/roll/png/00002319_G_roll_04.png,Canny,31.303853557079925,0.0,177.4513040607461,60.69767441860465,616.0
G,G/roll/png/00002320_G_roll_05.png,Sauvola,52.215883131640915,37.59535134164947,55.41595620568967,54.25101214574899,6033.0
G,G/roll/png/00002320_G_roll_05.png,Canny,25.000878621384473,0.0,234.7593833466098,67.86427145708583,525.0
G,G/roll/png/00002328_G_roll_08.png,Sauvola,53.155063146856335,30.981687181026718,31.950937084530597,33.557046979865774,13405.0
G,G/roll/png/00002328_G_roll_08.png,Canny,29.836319700907307,0.0,126.83374083129584,56.024096385542165,1354.0
G,G/roll/png/00002329_G_roll_06.png,Sauvola,53.04014218581938,32.84208471598673,31.665473789229406,39.04109589041096,9068.0
G,G/roll/png/00002329_G_roll_06.png,Canny,28.83404176996037,0.0,119.68880909634949,56.833333333333336,3560.0
G,G/roll/png/00002342_G_roll_04.png,Sauvola,51.66626658177909,37.53105872371371,67.26865038482515,51.951951951951955,15680.0
G,G/roll/png/00002342_G_roll_04.png,Canny,20.33022658720633,0.0,248.47271420504134,62.603305785123965,838.0
G,G/roll/png/00002344_G_roll_06.png,Sauvola,52.46632467895031,33.88982191256922,34.08769683566405,34.63414634146341,14762.0
G,G/roll/png/00002344_G_roll_06.png,Canny,28.152917364600782,0.0,123.02448094205144,55.66750629722922,3076.0
G,G/roll/png/00002349_G_roll_05.png,Sauvola,56.0552600628434,39.73475714777816,30.376099959289764,39.175257731958766,16632.0
G,G/roll/png/00002349_G_roll_05.png,Canny,29.611002861305668,0.0,173.69653496161484,68.60068259385666,2758.0
G,G/roll/png/00002435_G_roll_03.png,Sauvola,51.318979676204734,32.566240665345845,63.355903420347914,44.67353951890034,4891.0
G,G/roll/png/00002435_G_roll_03.png,Canny,25.866750092177742,0.0,221.58870027212646,62.96296296296296,775.0
G,G/roll/png/00002435_G_roll_10.png,Sauvola,51.79770297756503,32.65426631237083,58.45881310894597,41.41414141414141,5880.0
G,G/roll/png/00002435_G_roll_10.png,Canny,27.37157625900381,0.0,212.87294669795506,63.51706036745407,1494.0
G,G/roll/png/00002437_G_roll_09.png,Sauvola,56.06347749760613,34.01177789243333,23.128791787499775,25.384615384615383,20896.0
G,G/roll/png/00002437_G_roll_09.png,Canny,33.02545483562081,0.0,132.28631833282995,62.10045662100457,3495.0
G,G/roll/png/00002445_G_roll_06.png,Sauvola,57.45222350989615,44.91852232725547,22.74255428548827,40.43478260869565,14592.0
G,G/roll/png/00002445_G_roll_06.png,Canny,21.63405821801077,0.0,93.21989391313483,48.45070422535211,2747.0
G,G/roll/png/00002448_G_roll_03.png,Sauvola,50.27941209877104,32.31075067205819,62.12302618203176,54.54545454545455,10430.0
G,G/roll/png/00002448_G_roll_03.png,Canny,26.656595715681153,0.0,279.51766159614806,69.8170731707317,596.0
G,G/roll/png/00002449_G_roll_05.png,Sauvola,53.41933867735471,30.403102173324918,34.087834791234556,58.2010582010582,36786.0
G,G/roll/png/00002449_G_roll_05.png,Canny,32.89848928626484,0.0,157.5587184443273,69.88847583643123,8766.0
G,G/roll/png/00002458_G_roll_09.png,Sauvola,52.50704634255507,34.84771690549694,45.38543058563332,50.253807106598984,10103.0
G,G/roll/png/00002458_G_roll_09.png,Canny,30.660360240482902,0.0,203.58241931665745,66.47286821705427,1824.0
G,G/roll/png/00002466_G_roll_03.png,Sauvola,53.24339437998043,25.529736116581333,23.893921491400814,32.967032967032964,11605.0
G,G/roll/png/00002466_G_roll_03.png,Canny,33.21543408360129,0.0,114.06203964813334,64.20664206642067,3515.0
G,G/roll/png/00002516_G_roll_05.png,Sauvola,52.79492840025028,38.516580577357395,36.224592473334674,58.641975308641975,34643.0
G,G/roll/png/00002516_G_roll_05.png,Canny,25.834936900138125,0.0,249.4973496618534,69.96336996336996,996.0
G,G/roll/png/00002531_G_roll_04.png,Sauvola,53.847258485639685,36.11656605328872,37.33604868232841,44.8051948051948,19200.0
G,G/roll/png/00002531_G_roll_04.png,Canny,28.947780678851174,0.0,187.60710742310815,62.98076923076923,1890.0
G,G/roll/png/00002535_G_roll_04.png,Sauvola,52.171393748064375,39.60208341312091,41.361878135651644,63.425925925925924,64661.0
G,G/roll/png/00002535_G_roll_04.png,Canny,18.459594193632178,0.0,257.6106074956028,73.42436974789916,2300.0
H,H/roll/png/00002306_H_roll_09.png,Sauvola,64.22534941053459,33.69079802249339,91.10868818424866,39.83606557377049,2494.0
H,H/roll/png/00002306_H_roll_09.png,Canny,44.33125173865915,0.0,268.96611416453885,66.2912308930008,1061.0
H,H/roll/png/00002319_H_roll_03.png,Sauvola,65.33662462381226,34.61986336818135,67.79836455853432,39.50381679389313,3963.0
H,H/roll/png/00002319_H_roll_03.png,Canny,43.96916105907415,0.0,189.76390063831423,62.31003039513678,1407.0
H,H/roll/png/00002339_H_roll_04.png,Sauvola,65.38168820174276,33.16068952889168,80.6978995003793,41.3290113452188,2046.0
H,H/roll/png/00002339_H_roll_04.png,Canny,43.837490700438686,0.0,248.3224094881398,67.16417910447761,971.0
H,H/roll/png/00002353_H_roll_04.png,Sauvola,56.63198585351812,24.09521319855931,99.9186708493087,46.656976744186046,3154.0
H,H/roll/png/00002353_H_roll_04.png,Canny,48.10050581897438,0.0,277.68753312928544,72.66009852216749,2498.0
H,H/roll/png/00002357_H_roll_08.png,Sauvola,63.002826416051946,33.950471534326866,71.94544368671787,39.96138996138996,4694.0
H,H/roll/png/00002357_H_roll_08.png,Canny,43.917955179866816,0.0,223.5549622427225,64.70588235294117,640.0
H,H/roll/png/00002358_H_roll_07.png,Sauvola,63.9655111047836,35.98286199173703,74.28325010085273,39.8876404494382,3259.0
H,H/roll/png/00002358_H_roll_07.png,Canny,43.129804954441916,0.0,228.59029110189596,63.17689530685921,637.0
H,H/roll/png/00002372_H_roll_05.png,Sauvola,62.81879194630873,35.82964927792514,87.38579428234601,43.84485666104553,1656.0
H,H/roll/png/00002372_H_roll_05.png,Canny,43.776903494561445,0.0,265.3838020723197,68.92430278884463,695.0
H,H/roll/png/00002386_H_roll_04.png,Sauvola,63.10538726646109,35.57743979404376,71.48480947798593,37.23776223776224,2172.0
H,H/roll/png/00002386_H_roll_04.png,Canny,43.41674618885007,0.0,228.69287219356244,61.23907863383638,569.0
H,H/roll/png/00002392_H_roll_04.png,Sauvola,62.19657295710551,33.68428401871116,83.92096627801438,43.92678868552412,2308.0
H,H/roll/png/00002392_H_roll_04.png,Canny,44.33443630963237,0.0,236.64002507443973,66.05960264900662,870.0
H,H/roll/png/00002405_H_roll_01.png,Sauvola,62.33310778472761,34.13336157481566,78.23773150293226,39.424703891708965,2109.0
H,H/roll/png/00002405_H_roll_01.png,Canny,44.34918224877461,0.0,226.25360498651037,62.66447368421053,705.0
H,H/roll/png/00002439_H_roll_08.png,Sauvola,61.998482840256415,35.27442385779977,66.01769435555435,36.04887983706721,2831.0
H,H/roll/png/00002439_H_roll_08.png,Canny,44.01430464901093,0.0,180.49242424242422,60.125918153200416,1038.0
H,H/roll/png/00002447_H_roll_04.png,Sauvola,66.96024261559553,33.1099805600364,79.00070314761965,32.460732984293195,3255.0
H,H/roll/png/00002447_H_roll_04.png,Canny,44.360433716920774,0.0,203.5337453955173,58.282208588957054,796.0
H,H/roll/png/00002481_H_roll_01.png,Sauvola,59.57498682647917,27.267686702134682,95.18277469009492,51.04022191400832,2965.0
H,H/roll/png/00002481_H_roll_01.png,Canny,46.67752007487279,0.0,243.47093513058132,69.20415224913495,1272.0
H,H/roll/png/00002481_H_roll_07.png,Sauvola,63.5673120335697,35.47803077780099,83.00257642225472,40.939597315436245,1469.0
H,H/roll/png/00002481_H_roll_07.png,Canny,43.67159765932772,0.0,230.48387423729503,65.17150395778364,604.0
H,H/roll/png/00002515_H_roll_07.png,Sauvola,67.03780610052986,32.72496662216288,60.61415220293725,35.903083700440526,3710.0
H,H/roll/png/00002515_H_roll_07.png,Canny,43.962122297007014,0.0,167.35209088317927,55.59610705596107,1093.0
H,H/roll/png/00002544_H_roll_06.png,Sauvola,63.869323136781375,34.9503728599937,68.66400588173512,40.72657743785851,5918.0
H,H/roll/png/00002544_H_roll_06.png,Canny,43.90974039042061,0.0,196.88723383939652,61.88166828322017,996.0
H,H/roll/png/00002564_H_roll_04.png,Sauvola,69.07754035997502,47.118374727728536,49.45408715426662,31.301939058171744,5431.0
H,H/roll/png/00002564_H_roll_04.png,Canny,37.88254442909325,0.0,149.1306954436451,52.26130653266332,1416.0
H,H/roll/png/00002579_H_roll_04.png,Sauvola,63.83004304229687,33.939850568217494,70.19526590067181,39.71377459749553,2437.0
H,H/roll/png/00002579_H_roll_04.png,Canny,43.722797989756415,0.0,190.83759555628882,59.750240153698364,832.0
H,H/roll/png/00002584_H_roll_10.png,Sauvola,65.04170052606817,39.65043334166261,45.63567736759735,39.76945244956772,5811.0
H,H/roll/png/00002584_H_roll_10.png,Canny,41.01877592917326,0.0,193.10574937960087,68.46652267818574,1346.0
H,H/roll/png/00002624_H_roll_07.png,Sauvola,64.20720836626293,35.42200403612475,76.85812019636748,37.43016759776536,2470.0
H,H/roll/png/00002624_H_roll_07.png,Canny,43.779521770295354,0.0,218.30394626364398,63.26923076923077,1112.0
